<?xml version='1.0' encoding='utf-8'?>
<!--

	Automatically converted from Wavefront OBJ

-->

<scene version="0.5.0">
<!-- 	<integrator type="direct">
		<integer name="shadingSamples" value="4"/>
	</integrator> -->

	<integrator type="volpath">
		<integer name="maxDepth" value="-1"/>
	</integrator>

	<!--
 	<emitter type="constant">
		<spectrum name="radiance" value="0.75"/>
	</emitter>
	-->
	<emitter type="directional">
		<spectrum name="irradiance" value="4"/>
		<vector name="direction" x="0" y="0" z="-1"/>
	</emitter> 

	<medium type="heterogeneous" id="med0">
		<float name="scale" value="3000"/>	
		<string name="method" value="woodcock"/>
		
		<volume name="density" type="instancedvol">
			<string name="densityFile" value="gabardine_od_supertile.vol"/>
			<string name="orientationFile" value="gabardine_dir_supertile.vol"/>
			<spectrum name="albedo" value="0.892, 0.063 ,0.048"/>
			<vector name="blockSize" x="0.1106" y="0.0751" z="0.2303"/>
			<integer name="divideX" value="1"/>
			<integer name="divideY" value="1"/>
			<integer name="tileX" value="34"/>
			<integer name="tileY" value="54"/>
			<string name="blockFile" value="blockID_34x54.dat"/>
		</volume>
		
  		<volume name="orientation" type="instancedvol">
			<string name="densityFile" value="gabardine_od_supertile.vol"/>
			<string name="orientationFile" value="gabardine_dir_supertile.vol"/>
			<spectrum name="albedo" value="0.892, 0.063 ,0.048"/>
			<vector name="blockSize" x="0.1106" y="0.0751" z="0.2303"/>
			<integer name="divideX" value="1"/>
			<integer name="divideY" value="1"/>
			<integer name="tileX" value="34"/>
			<integer name="tileY" value="54"/>
			<string name="blockFile" value="blockID_34x54.dat"/>
		</volume> 
				
		<volume name="albedo" type="constvolume">
			<spectrum name="value" value="0.892 0.063 0.048"/>
		</volume>
		

		<phase type="microflake">
			<float name="stddev" value="0.1"/>
		</phase>
		
	</medium>
	 
	
	<shape type="cube">
		<transform name="toWorld">
			<translate z="1"/>
			<scale x="0.3315" y="0.2258" z="0.0232"/>
			<translate z="0.1838"/>
			<scale x="34" y="54"/>
		</transform>
		<ref name="interior" id="med0"/>
	</shape>

	<texture type="instancedbitmap" id="myImage">
		<string name="filename" value="TangentMap.jpg"/>
		<string name="filterType" value="nearest"/>
		<integer name="divideX" value="1"/>
		<integer name="divideY" value="1"/>
		<integer name="tileX" value="34"/>
		<integer name="tileY" value="54"/>
		<string name="blockFile" value="blockID_34x54.dat"/> 
	</texture>
	
	<bsdf type="heightmapbsdf" id="myMaterial">
			<ref name="reflectance" id="myImage"/>
			<spectrum name="Kd" value="0.0561,0.0002,0.0001"/>
			<spectrum name="Ks" value="0.1767,0.0018,0.0013"/>
			<spectrum name="Beta" value="0.2474 0.2146 0.2143"/>
	</bsdf> 
		
  	<shape type="heightfield">
        <texture type="scale">
          <!-- <float name="scale" value="0.0010"/> -->
			<texture type="instancedbitmap">
				<string name="filename" value="heightmap.exr"/>
				<float name="gamma" value="1"/>
				<string name="filterType" value="nearest"/>
				<integer name="divideX" value="1"/>
				<integer name="divideY" value="1"/>
				<integer name="tileX" value="34"/>
				<integer name="tileY" value="54"/>
				<string name="blockFile" value="blockID_34x54.dat"/>
			</texture>
		</texture>
		<transform name="toWorld">
			<translate z="1"/>
			<scale x="0.3315" y="0.2258" z="0.0232"/>
			<translate z="0.1838"/>
		</transform>
				
		<ref id="myMaterial"/>

	</shape>
	
	
  	<shape type="rectangle">
		<transform name="toWorld">
			<scale x="50" y="50"/>
			<translate z="-0.001"/>
		</transform>
	</shape> 
	
	<sensor type="perspective">
		<transform name="toWorld">
			<lookat target="0, 0, 0" origin="0, 0, 10" up="0, 1, 0"/>
			<!-- <lookat target="0, 0, 0" origin="0, 70, 70" up="0, 0, 1"/> -->
		</transform>
		<float name="fov" value="5"/>

		<sampler type="ldsampler">
			<integer name="sampleCount" value="16"/>
		</sampler>

		<film type="hdrfilm">
			<integer name="width" value="640"/>
			<integer name="height" value="480"/>
			<boolean name="banner" value="false"/>
			<rfilter type="gaussian"/>
		</film>
	</sensor>
	
</scene>
